{
	"lipid": [0,0.587,1.174167394,1.506461497,1.816112277,2.147254286,2.506543192,2.879632372,3.248715687,3.600894539,3.929458198,4.232327839,4.510108827,4.764649159,4.998174951,5.212860184,5.410656276,5.593253353,5.76209646,5.91843279,6.06334278,6.197781354,6.322599747,6.438564101,6.546372581,6.646662982,6.74001848,6.826979687,6.908039283,6.983652846,7.054240205,7.120186635,7.181847611,7.239549146,7.293590302,7.344248517,7.391773174,7.436398583,7.478338637,7.51778667,7.554924655,7.589917696,7.622917114,7.654062751,7.683483778,7.711297275,7.737613208,7.762530947,7.7861442,7.808538683,7.829791805,7.849978044,7.86916363,7.887413648,7.904781638,7.921325694,7.93709251,7.952129258,7.966480075,7.98018344,7.993276131],
    "oligonucleotide": [0,0.697,1.391011469,1.881358698,2.35466203,2.820799743,3.277238474,3.713545446,4.119682058,4.48991884,4.822934557,5.120443037,5.385716676,5.62255763,5.83468188,6.025441593,6.19773106,6.353975993,6.496219855,6.626148544,6.745185836,6.854524287,6.955185086,7.048039645,7.133845821,7.213265939,7.286883595,7.355218426,7.41872973,7.477827448,7.532888211,7.584242534,7.632193718,7.677014984,7.718954882,7.758238311,7.795072385,7.829639642,7.862118386,7.892657998,7.921403364,7.948486362,7.97402068,7.998121634,8.020887125,8.042406212,8.062770138,8.082054372,8.100329573,8.11766158,8.134113232,8.149739706,8.164595418,8.178725804,8.19217537,8.204988903,8.217202955,8.228855457,8.239972669,8.250591415,8.260740753], 
    "drug": [0,0.587,1.17435908,1.574799457,1.9812526,2.39928363,2.824179177,3.242935547,3.642502647,4.014309816,4.354754208,4.663831245,4.943586127,5.196908234,5.426834268,5.636184999,5.827429188,6.002675412,6.163703462,6.312007232,6.448864395,6.575364756,6.692466286,6.8009928,6.901690074,6.99521509,7.08217429,7.163099133,7.238470478,7.30874492,7.374316823,7.435562322,7.492817131,7.546387615,7.596558751,7.643592142,7.687712542,7.72914929,7.768092894,7.804733741,7.839225768,7.871735077,7.902392429,7.931337317,7.958682764,7.984534827,8.009003869,8.032173825,8.054138351,8.074967152,8.094738132,8.113522405,8.13137795,8.148365189,8.164535751,8.179938111,8.194617549,8.208620379,8.221988805,8.234750527,8.24695424],
    "sugar": [0,0.621,1.24308498,1.747289361,2.195299572,2.61836446,3.036336133,3.445768281,3.835613966,4.197245224,4.526876153,4.824591568,5.092657609,5.334258729,5.552708992,5.75104529,5.931911561,6.097526021,6.249736331,6.390053689,6.519751812,6.639886199,6.751367918,6.854978096,6.951387516,7.041213933,7.124972661,7.203166996,7.276222661,7.344536067,7.408466403,7.468346673,7.524484354,7.577138669,7.626576087,7.673033432,7.716718215,7.757830369,7.796562253,7.833062088,7.867496377,7.899998518,7.930716403,7.959761034,7.987236495,8.013260705,8.037919137,8.061307971,8.08349753,8.104580204,8.124611825,8.143658926,8.161784256,8.179047101,8.195495718,8.21117803,8.22614608,8.240425725,8.254068676,8.267111825,8.279585145],
    "tunemix": [0,0.984,1.961899874,2.588409632,3.10357011,3.557649219,3.978799597,4.37222137,4.734590875,5.062842932,5.356610752,5.617811921,5.849613686,6.055577275,6.239148741,6.403417673,6.551039103,6.684252202,6.80492105,6.914610592,7.014624807,7.106067414,7.189874347,7.266850775,7.337691247,7.403004385,7.463317771,7.519106822,7.57078503,7.61871696,7.663244759,7.704655333,7.743219718,7.779177143,7.812740601,7.844110427,7.873461997,7.90095418,7.926735344,7.950933694,7.973670318,7.995059714,8.015196359,8.034175473,8.052080627,8.068981513,8.084958122,8.100066845,8.114371768,8.127923302,8.140775409,8.152972522,8.164553878,8.17556273,8.186034941,8.196002685,8.2054947,8.214544517,8.223176308,8.231414759,8.239282324],
    "tunemix322": [0,1.1831,1.87061,2.34081,2.715714,3.062038,3.393914,3.406686,3.749476,4.081343,4.394257,4.68399,4.949619,5.192219,5.4138,5.61661,5.802781,5.974181,6.13241,6.2788,6.414486,6.540429,6.657467,6.766324,6.867657,6.962038,7.050019,7.132067,7.208648,7.280162,7.346981,7.409476,7.467952,7.522714,7.574038,7.622162,7.667343,7.709781,7.749676,7.787219,7.822562,7.855867,7.887286,7.916933,7.944943,7.971429,7.996476,8.0202,8.042676,8.06399,8.08421,8.103419,8.121676,8.139029,8.155543,8.171276,8.186267,8.200552,8.21419,8.22721,8.239648,8.251533],
    "tunemix622": [0,1.21,1.924268,2.455264,2.888199,3.280285,3.64407,3.657848,4.022617,4.367853,4.68760466666667,4.97927533333333,5.243148,5.481191,5.69608,5.89058133333333,6.067246,6.22828666666667,6.375588,6.510717,6.635002,6.749558,6.85534133333333,6.95317366666667,7.04377766666667,7.127783,7.20576666666667,7.27822433333333,7.34562666666667,7.40838133333333,7.46685733333333,7.52141333333333,7.57234633333333,7.619948,7.66447733333333,7.706163,7.745235,7.781884,7.816292,7.84863033333333,7.87904266666667,7.90767033333333,7.93465,7.96008766666667,7.98410066666667,8.006788,8.02822866666667,8.048523,8.06773666666667,8.085947,8.103215,8.119609,8.13518233333334,8.14997933333333,8.164056,8.17745866666667,8.19022533333333,8.202388,8.213993,8.22507,8.235648,8.24575366666667],
    "tunemix922": [0,1.255,1.977926,2.569718,3.060684,3.498532,3.894226,3.90901,4.295758,4.654363,4.98095233333333,5.27456066666667,5.536677,5.770163,5.97836,6.16455266666667,6.331711,6.48239233333333,6.618766,6.742634,6.855518,6.958687,7.05321566666667,7.14002333333333,7.21989833333333,7.293528,7.36151433333333,7.42438166666667,7.48260533333333,7.53660066666667,7.58673366666667,7.63335066666667,7.67674066666667,7.717182,7.75491666666667,7.790164,7.823127,7.853987,7.882908,7.91004166666667,7.93552333333333,7.95947366666667,7.982014,8.00324233333333,8.02325833333333,8.042147,8.05998133333334,8.076846,8.09279733333333,8.107904,8.12222,8.135799,8.14868866666667,8.16092966666667,8.172569,8.18364133333333,8.19418366666667,8.204224,8.213796,8.22293,8.231648,8.23997433333333],
    "tunemix1222": [0,1.284644,2.031584,2.684172,3.233169,3.716779,4.144382,4.160172,4.568899,4.940873,5.2743,5.569846,5.830206,6.059135,6.26064,6.438524,6.596176,6.736498,6.861944,6.974551,7.076034,7.167816,7.25109,7.326873,7.396019,7.459273,7.517262,7.570539,7.619584,7.66482,7.70661,7.745288,7.781135,7.814416,7.845356,7.874165,7.901019,7.92609,7.949524,7.971453,7.992004,8.011277,8.029378,8.046397,8.062416,8.077506,8.091734,8.105169,8.117858,8.129861,8.141225,8.151989,8.162195,8.17188,8.181082,8.189824,8.198142,8.20606,8.213599,8.22079,8.227648,8.234195],
    "tunemix1522": [0,1.200,2.015558,2.70286366666667,3.27605533333333,3.77589633333333,4.21385533333333,4.22996166666667,4.64536233333333,5.021101,5.35619066666667,5.65189566666667,5.911341,6.13858566666667,6.337857,6.51312,6.66788266666667,6.80514466666667,6.92743033333333,7.03683833333333,7.13512666666667,7.22375366666667,7.303942,7.37672433333333,7.44297133333333,7.503436,7.558752,7.609475,7.65608566666667,7.69900433333333,7.738593,7.775182,7.80904966666667,7.84045366666667,7.86961666666667,7.89674166666667,7.92200266666667,7.945565,7.96757,7.98814666666667,8.00741433333333,8.02547366666667,8.04242366666667,8.058351,8.07333333333333,8.08744,8.100734,8.11328133333333,8.12512766666667,8.13632833333333,8.14692866666667,8.15696533333333,8.166479,8.17550433333333,8.18407566666667,8.19221766666667,8.199961,8.20733066666667,8.21434733333333,8.22103633333333,8.227415,8.233503],
    "tunemix2122": [0,1.12151,1.983506,2.740247,3.361828,3.894131,4.352802,4.369541,4.798289,5.181557,5.519972,5.815995,6.073611,6.297487,6.492291,6.662312,6.811296,6.942438,7.058403,7.161413,7.253312,7.335629,7.409646,7.476427,7.536876,7.591762,7.641732,7.687347,7.729089,7.767373,7.802559,7.83497,7.864879,7.892529,7.918138,7.941895,7.96397,7.984515,8.003662,8.021534,8.038235,8.053867,8.068515,8.082259,8.095168,8.107308,8.118734,8.129506,8.139667,8.149263,8.158336,8.166918,8.175047,8.182753,8.190063,8.197005,8.203599,8.209872,8.215844,8.221529,8.226949,8.232119],